a,masa0941-20,a,X,w-a,,,,,,,,,,,,,,,,,,,,,,,,,,,,,,,,,,
ac,caes0009-2,ac,CCONJ,w-ac,,,,,,,,,,,,,,,,,,,,,,,,,,,,,,,,,,
adiutoribus,caes0682-3,adiutor,NOUN,w-adiutoribus,,,,,,,,,,,,,,,,,,,,,,,,y,adiutor,,,,,,,,,
Aelio,"caes0353-1, caes0011-1, jeru0497-4",Aelius,PROPN,w-Aelio,,,,y,m,other,Aelius,,,,,,,,,,,,,,,,,,,,,,,,,,,
aemilia,nabl0001-7,aemilius,ADJ,w-aemilia,,,,y,m,other,Aemilius,,,,,,,,,,,,,,,,,,,,,,,,,,,
Aemilius,masa0750-1,Aemilius,PROPN,w-Aemilius,,,,y,m,other,Aemilius,,,,,,,,,,,,,,,,,,,,,,,,,,,
Africano,caes0107-10,Africanus,PROPN,w-Africano,,,,y,m,other,Africanus,,,,,,,,,,,,,,,,,,,,,,,,,,,
Africanus,caes0009-17,Africanus,PROPN,w-Africanus,,,,y,m,other,Africanus,,,,,,,,,,,,,,,,,,,,,,,,,,,
Africe,jeru0495-6,Africes,PROPN,w-Africe,,y,Africe,,,,,,,,,,,,,,,,,,,,,,,,,,,,,,,
Agrippae,caes0032-6,Agrippa,PROPN,w-Agrippae,,,,y,m,other,Agrippa,,,,,,,,,,,,,,,,,,,,,,,,,,,
Agrippam,caes0003-3,Agrippa,PROPN,w-Agrippam,,,,y,m,other,Agrippa,,,,,,,,,,,,,,,,,,,,,,,,,,,
alae,tsha0001-2,aa,NOUN,w-alae,,,,,,,,,,,,y,ala,,,,,,,,,,,,,,,,,,,,,
alam,yotv0001-14,ala,NOUN,w-alam,,,,,,,,,,,,y,ala,,,,,,,,,,,,,,,,,,,,,
Alamannico,maay0001-18,Alamannicus,PROPN,w-Alamannico,,,,,,,,,,,,,,y,tribe,,,,,,,,,,,,,,,,,,,
alis,unkn0130-29,ala,NOUN,w-alis,,,,,,,,,,,,y,ala,,,,,,,,,,,,,,,,,,,,,
amico,caes0002-10,amicus,NOUN,w-amico,,,,,,,,,,,,,,,,y,friend,,,,,,,,,,,,,,,,,
amineum,"masa0797-2, masa0796-1",amineus,ADJ,w-amineum,,,,,,,,,,,,,,,,,,,,,,,,,,,,y,food,,,,,
Amphorae,masa0826-6,Amphora,PROPN,w-Amphorae,,,,,,,,,,,,,,,,,,,,,,,,,,,,y,utensil,,,,,
Anchararius,masa0755-1,Anchararius,PROPN,w-Anchararius,,,,y,m,other,Anchararius,,,,,,,,,,,,,,,,,,,,,,,,,,,
Ancharius,"masa0753-1, masa0752-1, masa0751-1, masa0754-1",Ancharius,PROPN,w-Ancharius,,,,y,m,other,Ancharius,,,,,,,,,,,,,,,,,,,,,,,,,,,
Annius,"masa0756-1, masa0757-1",Annius,PROPN,w-Annius,,,,y,m,other,Annius,,,,,,,,,,,,,,,,,,,,,,,,,,,
annos,"nabl0001-17, emma0001-13, nabl0002-8, emma0001-16",annus,NOUN,w-annos,,,,,,,,,,,,,,,,,,,,,y,year,,,,,,,,,,,,
Antonini,"bani0003-7, megi0002-15, bani0003-4",Antoninos,PROPN,w-Antonini,,,,y,m,other,Antoninus,,,,,,,,,,,,,,,,,,,,,,,,,,,
Antonini,ashk0003a-4,Antoninus,PROPN,w-Antonini,,,,y,m,other,Antoninus,,,,,,,,,,,,,,,,,,,,,,,,,,,
Antoniniana,megi0002-25,Antoniniana,PROPN,w-Antoniniana,,,,,,,,,,,,y,unitname,,,,,,,,,,,,,,,,,,,,,
Antoninianae,"jeru0554-25, caes0018-16",Antoniniana,PROPN,w-Antoninianae,,,,,,,,,,,,y,unitname,,,,,,,,,,,,,,,,,,,,,
Antonino,"jeru0497-6, ashk0003a-14",Antoninus,PROPN,w-Antonino,,,,y,m,other,Antoninus,,,,,,,,,,,,,,,,,,,,,,,,,,,
Antoninus,unkn0131-5,Antoninus,PROPN,w-Antoninus,,,,y,m,other,Antoninus,,,,,,,,,,,,,,,,,,,,,,,,,,,
Antonio,caes0107-4,Antonius,PROPN,w-Antonio,,,,y,m,other,Antonius,,,,,,,,,,,,,,,,,,,,,,,,,,,
Aphrodilus,caes0164-1,Aphrodilus,PROPN,w-Aphrodilus,,,,y,m,other,Aphrodilus,,,,,,,,,,,,,,,,,,,,,,,,,,,
appellantur,unkn0130-35,appello,VERB,w-appellantur,,,,,,,,,,,,,,,,,,,,,,,,,,,,,,,,,,
Arbaeus,caes0009-16,Arbaeus,PROPN,w-Arbaeus,,,,y,m,other,Arabaeus,,,,,,,,,,,,,,,,,,,,,,,,,,,
armeniaca,unkn0130-49,armeniacus,ADJ,w-armeniaca,,,,,,,,,,,,,,y,Armenian,,,,,,,,,,,,,,,,,,,
Atilio,achz0001-19,Atilius,PROPN,w-Atilio,,,,y,m,other,Atilius,,,,,,,,,,,,,,,,,,,,,,,,,,,
Aufidius,"caes0014-14, masa0759-1, masa0758-1, caes0017-14",Aufidius,PROPN,w-Aufidius,,,,y,m,other,Aufidius,,,,,,,,,,,,,,,,,,,,,,,,,,,
Augindai,nabl0002-3,Augindaus,PROPN,w-Augindai,,,,y,m,other,Augindaus,,,,,,,,,,,,,,,,,,,,,,,,,,,
augures,caes0123-1,auguris,NOUN,w-augures,,,,,,,,,y,religious,augur,,,,,,,,,,,,,y,augur,,,,,,,,,
auguri,jeru0497-12,augur,NOUN,w-auguri,,,,,,,,,y,religious,augur,,,,,,,,,,,,,y,augur,,,,,,,,,
Augusta,"unkn0130-44, caes0024-2",Augusta,PROPN,w-Augusta,,y,Augustus,y,m,other,Augustus,,y,government,Augustus,y,unitname,,,,,,,,,,,,,,,,,,,,,
Augustae,"caes0044-4, caes0003-9",Augusta,PROPN,w-Augustae,,y,Augustus,y,m,other,Augustus,,y,government,Augustus,y,unitname,,,,,,,,,,,,,,,,,,,,,
augustalibus,caes0122-7,augustalis,ADJ,w-augustalibus,,y,,,m,other,Augustalis,,,,,,,,,,,,,,,,,,,,,,,,,,,
Augustalis,caes0122-3,Augustalis,PROPN,w-Augustalis,,y,,,m,other,Augustalis,,,,,,,,,,,,,,,,,,,,,,,,,,,
Augusti,"caes0034-4, jeru0494-15, caes0018-5, megi0002-16, bani0003-8, achz0001-22, caes0106-19, kara0001-19, bani0003-5, caes0007-5, caes0031-3, caes0020-2, caes0107-7, caes0035-3, caes0022-3, jeru0494-9, caes0002-3, caes0011-6",Augustus,PROPN,w-Augusti,,y,Augustus,y,m,other,Augustus,,y,government,,,,,,,,,,,,,,,,,,,,,,,,
Augustis,ashk0003b-15,Augustus,PROPN,w-Augustis,,y,Augustus,y,m,other,Augustus,,y,government,,,,,,,,,,,,,,,,,,,,,,,,
Augusto,"jeru0497-7, caes0047-5, caes0006-9, kara0001-9, caes0107-13, tsha0002-12, caes0354-2, maay0001-17, caes0009-15, jeru0554-12, ashk0003a-18, caes0053-4, caes0045-4, caes0027-4, bshe0006-14, caes0049-5, caes0106-9",Augustus,PROPN,w-Augusto,,y,Augustus,y,m,other,Augustus,,y,government,,,,,,,,,,,,,,,,,,,,,,,,
Augustus,"achz0001-7, caes0054-5, yotv0001-4, unkn0131-8, caes0051-5, jeru0491-4, jeru0491-9, yotv0001-7, cape0001-12, caes0052-5, jeru0491-11, jeru0494-4, unkn0130-7",Augustus,PROPN,w-Augustus,,y,Augustus,y,m,other,Augustus,,y,government,,,,,,,,,,,,,,,,,,,,,,,,
Aureli,megi0002-14,Aurel,PROPN,w-Aureli,,,,y,m,other,Aurelius,,,,,,,,,,,,,,,,,,,,,,,,,,,
Aurelio,"ashk0003a-13, ashk0003b-9, caes0009-9, caes0010-16",Aurelius,PROPN,w-Aurelio,,,,y,m,other,Aurelius,,,,,,,,,,,,,,,,,,,,,,,,,,,
Aurelius,"caes0007-6, unkn0131-4",Aurelius,PROPN,w-Aurelius,,,,y,m,other,Aurelius,,,,,,,,,,,,,,,,,,,,,,,,,,,
Aurreli,"bani0003-3, bani0003-6",Aurrelius,PROPN,w-Aurreli,,,,y,m,other,Aurelius,,,,,,,,,,,,,,,,,,,,,,,,,,,
Aurunculeius,caes0002-9,Aurunculeius,PROPN,w-Aurunculeius,,,,y,m,other,Aurelius,,,,,,,,,,,,,,,,,,,,,,,,,,,
b,masa0941-21,b,X,w-b,,,,,,,,,,,,,,,,,,,,,,,,,,,,,,,,,,
barbarorum,maay0001-11,barbarus,NOUN,w-barbarorum,,,,,,,,,,,,,,y,generic,,,,,,,,,,,,,,,,,,,
Basso,"unkn0130-73, jeru0494-13",Bassus,PROPN,w-Basso,,,,y,m,other,Bassus,,,,,,,,,,,,,,,,,,,,,,,,,,,
bene,"nabl0001-23, caes0163-1, nabl0002-11",bene,ADV,w-bene,,,,,,,,,,,,,,,,,,,,,,,,,,,,,,,,,,
Boethi,caes0030-2,Boethus,PROPN,w-Boethi,,,,y,m,other,Boethus,,,,,,,,,,,,,,,,,,,,,,,,,,,
bona,"caes0682-2, fiqg0002-2",bonus,ADJ,w-bona,,,,,,,,,,,,,,,,,,,,,,,,,,,,,,,,,,
Bracaraugustanorum,unkn0130-65,Bracaraugustani,PROPN,w-Bracaraugustanorum,,,,,,,,,,,,y,unitname,,,,,,,,,,,,,,,,,,,,,
Britannicus,unkn0131-11,Britannicus,PROPN,w-Britannicus,,,,,,,,,,,,,,y,British,,,,,,,,,,,,,,,,,,,
Bubasti,megi0002-2,Bubastus,PROPN,w-Bubasti,,y,Bubastus,,,,,,,,,,,,,,,,,,,,,,,,,,,,,,,
c,masa0941-22,c,X,w-c,,,,,,,,,,,,,,,,,,,,,,,,,,,,,,,,,,
Caesar,"caes0352-1, jeru0494-2, achz0001-2, caes0051-2, caes0054-2, cape0001-2, unkn0131-2, caes0052-2, jeru0494-7, jeru0491-2, unkn0130-2, jeru0491-7",Caesar,PROPN,w-Caesar,,,,y,m,other,Caesar,,,,,,,,,,,,,,,,,,,,,,,,,,,
Caesare,"caes0047-2, caes0049-2, masa0795-6, masa0799-1",Caesar,PROPN,w-Caesare,,,,y,m,other,Caesar,,,,,,,,,,,,,,,,,,,,,,,,,,,
Caesarea,caes0024-3,Caesarea,PROPN,w-Caesarea,,,,,,,,,,,,,,,,,,y,Caesarea,https://pleiades.stoa.org/places/678401,,,,,,,,,,,,,,
Caesareae,"caes0044-5, caes0003-10",Caesarea,PROPN,w-Caesareae,,,,,,,,,,,,,,,,,,y,Caesarea,https://pleiades.stoa.org/places/678401,,,,,,,,,,,,,,
Caesares,yotv0001-13,Caesar,PROPN,w-Caesares,,,,y,m,other,Caesar,,,,,,,,,,,,,,,,,,,,,,,,,,,
Caesari,"caes0017-13, jeru0497-2, caes0014-13, caes0106-17, tsha0002-2, bshe0006-6, caes0006-2, ashk0003a-2, caes0106-2, kara0001-2, jeru0554-2, caes0528-1, caes0107-2, caes0027-2",Caesar,PROPN,w-Caesari,,,,y,m,other,Caesar,,,,,,,,,,,,,,,,,,,,,,,,,,,
Caesaribus,ashk0003b-2,Caesar,PROPN,w-Caesaribus,,,,y,m,other,Caesar,,,,,,,,,,,,,,,,,,,,,,,,,,,
Caesaris,megi0002-13,Caesar,PROPN,w-Caesaris,,,,y,m,other,Caesar,,,,,,,,,,,,,,,,,,,,,,,,,,,
Cai,nabl0001-5,Caius,PROPN,w-Cai,,,,y,m,other,Caius,,,,,,,,,,,,,,,,,,,,,,,,,,,
Caio,"caes0007-1, kara0001-12, caes0018-1, caes0106-3, kara0001-3, caes0006-3",Gaius,PROPN,w-Caio,,,,y,m,other,Caius,,,,,,,,,,,,,,,,,,,,,,,,,,,
Caius,"masa0831-1, caes0002-8, haif0020a-1, nabl0001-19, nabl0001-3",Caius,PROPN,w-Caius,,,,y,m,other,Caius,,,,,,,,,,,,,,,,,,,,,,,,,,,
Callaecorum,unkn0130-64,Callaeci,PROPN,w-Callaecorum,,,,,,,,,,,,y,unitname,y,tribe,,,,,,,,,,,,,,,,,,,
Callisto,caes0002-6,Calliste,PROPN,w-Callisto,,,,y,m,other,Calliste,,,,,,,,,,,,,,,,,,,,,,,,,,,
Calpurniano,caes0010-2,Calpurnianum,PROPN,w-Calpurniano,,,,y,m,other,Calpurnianum,,,,,,,,,,,,,,,,,,,,,,,,,,,
Camilia,emma0001-4,Camilia,PROPN,w-Camilia,,,,y,f,other,Camilia,,,,,,,,,,,,,,,,,,,,,,,,,,,
Campestris,masa0830-1,Campestra,PROPN,w-Campestris,,,,,,,,,,,,,,,,,,,,,,,,,,,,y,food,,,,,
Cantabrorum,unkn0130-61,Cantabri,PROPN,w-Cantabrorum,,,,,,,,,,,,y,unitname,y,tribe,,,,,,,,,,,,,,,,,,,
Capricorno,tsha0001-1,Capricornus,PROPN,w-Capricorno,,y,Capricornus,,,,,,,,,,,,,,,,,,,,,,,,,,,,,,,
Casesari,kara0001-17,Casesarus,PROPN,w-Casesari,,,,y,m,other,Caesar,,,,,,,,,,,,,,,,,,,,,,,,,,,
causa,"caes0002-7, caes0031-18",causa,NOUN,w-causa,,,,,,,,,,,,,,,,,,,,,,,,,,,,,,,,,,
caustri,masa0948-2,causter,NOUN,w-caustri,,,,y,m,other,Causter,,,,,,,,,,,,,,,,,,,,,,,,,,,
censor,unkn0130-16,censor,NOUN,w-censor,,,,,,,,,y,government,censor,,,,,,,,,,,,,,,,,,,,,,,
censori,caes0027-11,censor,NOUN,w-censori,,,,,,,,,y,government,censor,,,,,,,,,,,,,,,,,,,,,,,
centurio,"caes0007-8, caes0148-6, caes0119-4, caes0350-2, caes0146-13",centurio,NOUN,w-centurio,,,,,,,,,y,military,centurion,y,rank,,,,,,,,,,,,,,,,,,,,,
civitatem,unkn0130-91,ciuitas,NOUN,w-civitatem,,,,,,,,,y,military,centurion,y,rank,,,,,,,,,,,,,,,,,,,,,
Claudio,"caes0145-2, caes0021-2",Claudius,PROPN,w-Claudio,,,,y,m,other,Claudius,,,,,,,,,,,,,,,,,,,,,,,,,,,
Claudius,caes0146-11,Claudius,PROPN,w-Claudius,,,,y,m,other,Claudius,,,,,,,,,,,,,,,,,,,,,,,,,,,
Clemens,caes0006-10,Clemens,PROPN,w-Clemens,,,,y,m,other,Clemens,,,,,,,,,,,,,,,,,,,,,,,,,,,
Cleopatra,caes0044-8,Cleopatra,PROPN,w-Cleopatra,,,,y,f,other,Cleopatra,,,,,,,,,,,,,,,,,,,,,,,,,,,
cohors,jeru0494-18,cohors,NOUN,w-cohors,,,,,,,,,,,,y,cohors,,,,,,,,,,,,,,,,,,,,,
cohortibus,unkn0130-32,cohors,NOUN,w-cohortibus,,,,,,,,,,,,y,cohors,,,,,,,,,,,,,,,,,,,,,
Coloniae,"caes0044-1, caes0122-4, caes0003-6",Colonia,PROPN,w-Coloniae,,,,,,,,,,,,,,,,,,y,generic,,,,,,,,,,,,,,,
coloniae,"caes0044-1, caes0122-4, caes0003-6",colonia,NOUN,w-coloniae,,,,,,,,,,,,,,,,,,y,generic,,,,,,,,,,,,,,,
coniugi,"caes0160-4, caes0148-2",coniux,NOUN,w-coniugi,,,,,,,,,,,,,,,,y,marriage,,,,,,,,,,,,,,,,,
Constans,megi0002-24,Constans,PROPN,w-Constans,,,,y,m,other,Constans,,,,,,,,,,,,,,,,,,,,,,,,,,,
Constantio,caes0017-8,Constantius,PROPN,w-Constantio,,,,y,m,other,Constantius,,,,,,,,,,,,,,,,,,,,,,,,,,,
constantis,caes0146-10,constans,ADJ,w-constantis,,,,y,m,other,Constans,,,,,,,,,,,,,,,,,,,,,,,,,,,
Constantius,yotv0001-9,Constantius,PROPN,w-Constantius,,,,y,m,other,Constantius,,,,,,,,,,,,,,,,,,,,,,,,,,,
constituerunt,yotv0001-17,constituo,VERB,w-constituerunt,,,,,,,,,,,,,,,,,,,,,,,,,,,,,,,,,,
consul,"unkn0131-20, achz0001-16, unkn0130-18",consul,NOUN,w-consul,,,,,,,,,y,government,consul,,,,,,,,,,,,,,,,,,,,,,,
consularis,caes0030-3,consularis,ADJ,w-consularis,,,,,,,,,y,government,consul,,,,,,,,,,,,,,,,,,,,,,,
consuli,"caes0027-9, jeru0554-18, tsha0002-20, caes0107-17",consul,NOUN,w-consuli,,,,,,,,,y,government,consul,,,,,,,,,,,,,,,,,,,,,,,
consultissimo,"caes0014-3, caes0017-3",consuls,ADJ,w-consultissimo,,,,,,,,,y,government,consul,,,,,,,,,,,,,,,,,,,,,,,
conubium,unkn0130-94,connubium,NOUN,w-conubium,,,,,,,,,,,,,,,,y,marriage,,,,,,,,,,,,,,,,,
cum,yotv0001-15,cum,ADP,w-cum,,,,,,,,,,,,,,,,,,,,,,,,,,,,,,,,,,
cumana,masa0825-2,cimanus,ADJ,w-cumana,,,,y,m,other,Cimanus,,,,,,,,,,,,,,,,,,,,,,,,,,,
curatori,caes0035-8,curator,NOUN,w-curatori,,,,,,,,,y,military,curator,,,,,,,,,,,,,,,,,,,,,,,
curiarum,maay0001-6,curia,NOUN,w-curiarum,,,,,,,,,,,,,,,,,,,,,,,,,,,,y,building,,,,,
custodiarum,caes0682-5,custodia,NOUN,w-custodiarum,,,,,,,,,y,military,curator,y,rank,,,,,,,,,,,,,,,,,,,,,
cyrenaicae,caes0035-7,cyrenaicus,ADJ,w-cyrenaicae,,,,,,,,,,,,y,unitname,y,Cyrenaean,,,,,,,,,,,,,,,,,,,
d,masa0941-23,d,X,w-d,,,,,,,,,,,,,,,,,,,,,,,,,,,,,,,,,,
Damas,caes0146-22,Damas,PROPN,w-Damas,,,,y,m,other,Damas,,,,,,,,,,,,,,,,,,,,,,,,,,,
damascena,unkn0130-48,damascena,NOUN,w-damascena,,,,,,,,,,,,y,unitname,,,,,y,Damascus,https://pleiades.stoa.org/places/678106,,,,,,,,,,,,,,
de,"tsha0001-9, caes0037-6",de,ADP,w-de,,,,,,,,,,,,,,,,,,,,,,,,,,,,,,,,,,
decreto,"caes0003-13, caes0011-11, jeru0497-13, caes0010-12, caes0122-10",decretum,NOUN,w-decreto,,,,,,,,,,,,,,,,,,,,,,,,,,,,,,,,,,
decurione,caes0010-22,decurio,NOUN,w-decurione,,,,,,,,,y,military,decurion,y,rank,,,,,,,,,,,,,,,,,,,,,
decurionum,"caes0122-11, jeru0497-14, caes0003-14, caes0010-13",decurio,NOUN,w-decurionum,,,,,,,,,y,military,decurion,y,rank,,,,,,,,,,,,,,,,,,,,,
decurionum,caes0011-12,decurionum,NOUN,w-decurionum,,,,,,,,,y,military,decurion,y,rank,,,,,,,,,,,,,,,,,,,,,
dedit,unkn0130-92,do,VERB,w-dedit,,,,,,,,,,,,,,,,,,,,,,,,,,,,,,,,,,
dedit,caes0037-9,deditus,NOUN,w-dedit,,,,,,,,,,,,,,,,,,,,,,,,,,,,,,,,,,
deiotariana,caes0046-4,deiotariana,NUM,w-deiotariana,,,,,,,,,,,,y,unitname,,,,,,,,,,,,,,,,,,,,,
Deum,megi0002-18,Deus,PROPN,w-Deum,,,,,,,,,,,,,,,,,,,,,,,,,,,,,,y,god,,,
devotissimus,bshe0006-25,deuotus,ADJ,w-devotissimus,,,,,,,,,,,,,,,,,,,,,,,,,,,,,,y,offer,,,
devotus,"caes0006-14, caes0017-21, caes0029-1, caes0014-21, caes0019-3",deuotus,ADJ,w-devotus,,,,,,,,,,,,,,,,,,,,,,,,,,,,,,y,offer,,,
dicatissimus,caes0009-25,dicatissimus,NOUN,w-dicatissimus,,,,,,,,,,,,,,,,,,,,,,,,,,,,,,,,,,
dim,caes0122-1,do,VERB,w-dim,,,,,,,,,,,,,,,,,,,,,,,,,,,,,,,,,,
dimissis,unkn0130-80,dimitto,VERB,w-dimissis,,,,,,,,,,,,,,,,,,,,,,,,,,,,,,,,,,
Diocletiano,"ashk0003b-6, caes0006-5",Diocletianum,PROPN,w-Diocletiano,,,,y,m,other,Diocletian,,,,,,,,,,,,,,,,,,,,,,,,,,,
Diocletianus,yotv0001-3,Diocletianus,PROPN,w-Diocletianus,,,,y,m,other,Diocletian,,,,,,,,,,,,,,,,,,,,,,,,,,,
Dis,"nabl0001-1, caes0146-1, nabl0002-1, caes0160-1",Dis,PROPN,w-Dis,,,,,,,,,,,,,,,,,,,,,,,,,,,,,,y,god,,,
divi,"ashk0003a-8, tsha0002-7, jeru0554-7, cape0001-7",diuus,ADJ,w-divi,,,,,,,,,,,,,,,,,,,,,,,,,,,,,,y,god,,,
divi,"tsha0002-3, achz0001-3, unkn0130-3, cape0001-3, jeru0554-3, ashk0003a-3",do,VERB,w-divi,,,,,,,,,,,,,,,,,,,,,,,,,,,,,,y,god,,,
domine,jeru0306-1,dominus,NOUN,w-domine,,y,lord,,,,,,y,honorific,lord,,,,,y,lord,,,,,,,,,,,,,,,,,
domini,megi0002-10,dominus,NOUN,w-domini,,y,lord,,,,,,y,honorific,lord,,,,,y,lord,,,,,,,,,,,,,,,,,
domino,"maay0001-13, bshe0006-3, caes0009-6",dominus,NOUN,w-domino,,y,lord,,,,,,y,honorific,lord,,,,,y,lord,,,,,,,,,,,,,,,,,
Domitianus,"unkn0130-6, achz0001-6",Domitianus,PROPN,w-Domitianus,,,,y,m,other,Domitianus,,,,,,,,,,,,,,,,,,,,,,,,,,,
dono,caes0037-8,donum,NOUN,w-dono,,,,,,,,,,,,,,,,,,,,,,,,,,,,,,,,,,
duabus,unkn0130-30,duo,NUM,w-duabus,,,,,,,,,,,,,,,,,,,,,,,,,,,,,,,,,,
duumviralem,caes0003-5,duumviralis,ADJ,w-duumviralem,,,,,,,,,y,government,duovir,,,,,,,,,,,,,,,,,,,,,,,
e,"masa0941-28, masa0941-24, masa0941-25",e,X,w-e,,,,,,,,,,,,,,,,,,,,,,,,,,,,,,,,,,
egregio,caes0011-4,egregius,ADJ,w-egregio,,,,,,,,,,,,,,,,,,,,,,,,,,,,,,,,,,
eius,"maay0001-32, caes0009-24, caes0019-7, caes0146-18, caes0044-10, caes0029-4, caes0031-15, bshe0006-23",is,DET,w-eius,,,,,,,,,,,,,,,,,,,,,,,,,,,,,,,,,,
eius,"caes0006-17, caes0014-24, caes0007-10",eius,NOUN,w-eius,,,,,,,,,,,,,,,,,,,,,,,,,,,,,,,,,,
eorum,caes0017-24,eorum,NOUN,w-eorum,,,,,,,,,,,,,,,,,,,,,,,,,,,,,,,,,,
eques,nabl0002-4,eques,NOUN,w-eques,,,,,,,,,y,government,equestrian,,,,,,,,,,,,,,,,,,,,,,,
equite,caes0010-19,eques,NOUN,w-equite,,,,,,,,,y,government,equestrian,,,,,,,,,,,,,,,,,,,,,,,
equites,unkn0130-25,eques,NOUN,w-equites,,,,,,,,,y,government,equestrian,,,,,,,,,,,,,,,,,,,,,,,
equitum,tsha0001-8,eques,NOUN,w-equitum,,,,,,,,,y,government,equestrian,,,,,,,,,,,,,,,,,,,,,,,
est,emma0001-20,est,NOUN,w-est,,,,,,,,,,,,,,,,,,,,,,,,,,,,,,,,,,
et,"unkn0131-26, caes0148-11, unkn0130-93, caes0146-23, unkn0130-54, yotv0001-8, caes0014-2, unkn0130-42, unkn0130-39, ashk0003a-22, yotv0001-10, maay0001-7, caes0354-3, unkn0130-76, unkn0130-50, unkn0130-59, caes0106-11, caes0017-2, unkn0130-56, kara0001-11, unkn0130-66, caes0146-21, caes0010-21, caes0146-19, megi0002-8, caes0018-19, yotv0001-5, unkn0130-62, unkn0130-26, ashk0003b-7, unkn0130-46, caes0010-7, caes0146-26, unkn0130-31",et,CCONJ,w-et,,,,,,,,,,,,,,,,,,,,,,,,,,,,,,,,,,
Eudemi,"masa0950-3, masa0949-3",Eudemus,PROPN,w-Eudemi,,,,y,m,other,Eudemus,,,,,,,,,,,,,,,,,,,,,,,,,,,
ex,"caes0010-11, caes0011-10, caes0003-12, caes0044-6, caes0122-9",ex,ADP,w-ex,,,,,,,,,,,,,,,,,,,,,,,,,,,,,,,,,,
extinctori,maay0001-12,extinctor,NOUN,w-extinctori,,,,,,,,,,,,,,,,,,,,,,,,,,,,,,,,,,
f,masa0941-26,f,X,w-f,,,,,,,,,,,,,,,,,,,,,,,,,,,,,,,,,,
facere,caes0044-12,facio,VERB,w-facere,,,,,,,,,,,,,,,,,,,,,,,,,,,,,,,,,,
fecerunt,caes0146-31,fecerunt,NOUN,w-fecerunt,,,,,,,,,,,,,,,,,,,,,,,,,,,,,,,,,,
fecit,"caes0122-8, caes0051-6, caes0052-6",facio,VERB,w-fecit,,,,,,,,,,,,,,,,,,,,,,,,,,,,,,,,,,
fecit,"caes0163-3, emma0001-22",fecit,NOUN,w-fecit,,,,,,,,,,,,,,,,,,,,,,,,,,,,,,,,,,
Felici,kara0001-8,Felicus,PROPN,w-Felici,,,,,,,,,,,,,,,,,,,,,,,,,,,,,,,,,,
Felici,"caes0006-7, caes0009-13, caes0017-10, caes0106-8, bshe0006-11, caes0014-10, caes0107-12, ashk0003a-16",Felix,PROPN,w-Felici,,,,y,m,other,Felix,,,,,,,,,,,,,,,,,,,,,,,,,,,
felici,"caes0006-7, caes0009-13, caes0017-10, caes0106-8, bshe0006-11, caes0014-10, caes0107-12, ashk0003a-16",felix,ADJ,w-felici,,,,y,m,other,Felix,,,,,,,,,,,,,,,,,,,,,,,,,,,
felicia,caes0683-5,felix,ADJ,w-felicia,,,,y,m,other,Felix,,,,,,,,,,,,,,,,,,,,,,,,,,,
felicibus,ashk0003b-13,felix,ADJ,w-felicibus,,,,y,m,other,Felix,,,,,,,,,,,,,,,,,,,,,,,,,,,
Felicissimo,caes0009-1,Felicissimus,PROPN,w-Felicissimo,,,,,,,,,,,,,,,,,,,,,,,,,,,,,,,,,,
feliciter,bshe0006-26,feliciter,NOUN,w-feliciter,,,,,,,,,,,,,,,,,,,,,,,,,,,,,,,,,,
felix,unkn0131-7,felix,ADJ,w-felix,,,,y,m,other,Felix,,,,,,,,,,,,,,,,,,,,,,,,,,,
Fermilianus,bshe0006-16,Fermilianus,PROPN,w-Fermilianus,,,,y,m,other,Fermilianus,,,,,,,,,,,,,,,,,,,,,,,,,,,
Ferrata,megi0002-23,Ferrata,PROPN,w-Ferrata,,,,,,,,,,,,y,unitname,,,,,,,,,,,,,,,,,,,,,
Ferratae,"caes0146-8, gado0001-4",Ferrata,PROPN,w-Ferratae,,,,,,,,,,,,y,unitname,,,,,,,,,,,,,,,,,,,,,
ferratae,"caes0049-9, caes0054-10",ferratae,NOUN,w-ferratae,,,,,,,,,,,,y,unitname,,,,,,,,,,,,,,,,,,,,,
fidelis,caes0146-9,fidelis,ADJ,w-fidelis,,,,,,,,,,,,y,unitname,,,,,,,,,,,,,,,,,,,,,
fili,bani0003-9,filius,NOUN,w-fili,,,,,,,,,,,,,,,,y,son,,,,,,,,,,,,,,,,,
filia,caes0032-9,filia,NOUN,w-filia,,,,,,,,,,,,,,,,y,daughter,,,,,,,,,,,,,,,,,
filio,"jeru0554-6, kara0001-18, caes0106-18, tsha0002-6, ashk0003a-7, caes0107-6",filius,NOUN,w-filio,,,,,,,,,,,,,,,,y,son,,,,,,,,,,,,,,,,,
filius,"cape0001-6, emma0001-3, caes0148-14, jeru0494-10, nabl0001-6, achz0001-5, unkn0130-5",filius,NOUN,w-filius,,,,,,,,,,,,,,,,y,son,,,,,,,,,,,,,,,,,
Flavia,caes0024-1,Flauia,PROPN,w-Flavia,,,,y,f,other,Flavia,,,,,,,,,,,,,,,,,,,,,,,,,,,
Flaviae,"caes0003-8, caes0044-3, nabl0001-13",Flavia,PROPN,w-Flaviae,,,,y,f,other,Flavia,,,,,,,,,,,,,,,,,,,,,,,,,,,
Flavianus,caes0031-8,Flauianus,PROPN,w-Flavianus,,,,y,m,other,Flavianus,,,,,,,,,,,,,,,,,,,,,,,,,,,
Flavii,"caes0146-3, caes0030-1",Flauius,PROPN,w-Flavii,,,,y,m,other,Flavius,,,,,,,,,,,,,,,,,,,,,,,,,,,
Flavio,"caes0017-6, caes0002-2, caes0010-17",Flauius,PROPN,w-Flavio,,,,y,m,other,Flavius,,,,,,,,,,,,,,,,,,,,,,,,,,,
Flavium,caes0003-2,Flauius,PROPN,w-Flavium,,,,y,m,other,Flavius,,,,,,,,,,,,,,,,,,,,,,,,,,,
Flavius,caes0018-11,Flauius,PROPN,w-Flavius,,,,y,m,other,Flavius,,,,,,,,,,,,,,,,,,,,,,,,,,,
fortis,caes0047-10,fortis,NOUN,w-fortis,,,,,,,,,,,,y,unitname,,,,,,,,,,,,,,,,,,,,,
fortissimo,bshe0006-1,fortus,ADJ,w-fortissimo,,,,,,,,,,,,,,,,,,,,,,,,,,,,,,,,,,
fortissimo,"caes0014-1, caes0017-1",fortis,ADJ,w-fortissimo,,,,,,,,,,,,,,,,,,,,,,,,,,,,,,,,,,
Francico,maay0001-20,Francico,PROPN,w-Francico,,,,,,,,,,,,,,y,French,,,,,,,,,,,,,,,,,,,
fratri,nabl0001-22,frater,NOUN,w-fratri,,,,,,,,,,,,,,,,y,brother,,,,,,,,,,,,,,,,,
fratribus,ashk0003b-3,frater,NOUN,w-fratribus,,,,,,,,,,,,,,,,y,brother,,,,,,,,,,,,,,,,,
fretensis,"jeru0536-3, caes0045-8, jeru0491-16, caes0048-4, caes0349-3, caes0146-16, jeru0554-24, caes0529-3, caes0018-15, caes0050-3, caes0053-8, masa0853-3, caes0052-11, jeru0535-3, caes0148-9, masa0937-3, caes0031-12, caes0051-11",fretensis,ADJ,w-fretensis,,,,,,,,,,,,y,unitname,,,,,,,,,,,,,,,,,,,,,
Fretensis,"jeru0536-3, caes0045-8, jeru0491-16, caes0048-4, caes0349-3, caes0146-16, jeru0554-24, caes0529-3, caes0018-15, caes0050-3, caes0053-8, caes0052-11, jeru0535-3, caes0148-9, masa0937-3, caes0031-12, caes0051-11",Fretensis,PROPN,w-Fretensis,,,,,,,,,,,,y,unitname,,,,,,,,,,,,,,,,,,,,,
fretensis,"jeru0536-3, caes0045-8, jeru0491-16, caes0048-4, caes0349-3, caes0146-16, jeru0554-24, caes0529-3, caes0018-15, caes0050-3, caes0053-8, caes0052-11, jeru0535-3, caes0148-9, masa0937-3, caes0031-12, caes0051-11",fretensis,NOUN,w-fretensis,,,,,,,,,,,,y,unitname,,,,,,,,,,,,,,,,,,,,,
frumentariorum,caes0683-3,frumentarior,NOUN,w-frumentariorum,,,,,,,,,y,military,frumentarior,y,rank,,,,,,,,,,,,,,,,,,,,,
Fulminatae,caes0119-7,Fulminata,PROPN,w-Fulminatae,,,,,,,,,,,,y,unitname,,,,,,,,,,,,,,,,,,,,,
Furio,caes0007-2,Furius,PROPN,w-Furio,,,,,,,,,,,,,,,,,,,,,,,,,,,,,,,,,,
Gaetulorum,unkn0130-41,Gaetuli,PROPN,w-Gaetulorum,,,,,,,,,,,,,,,,,,,,,,,,,,,,,,,,,,
Gaio,"ashk0003b-4, caes0106-12",Gaius,PROPN,w-Gaio,,,,y,m,other,Caius,,,,,,,,,,,,,,,,,,,,,,,,,,,
Galerio,"bshe0006-7, caes0014-6",Galerius,PROPN,w-Galerio,,,,y,m,other,Galerius,,,,,,,,,,,,,,,,,,,,,,,,,,,
Garum,masa0826-1,Gae,PROPN,w-Garum,,,,,,,,,,,,,,,,,,,,,,,,,,,,y,food,,,,,
Gemonnea,bshe0156-1,Gemonneus,PROPN,w-Gemonnea,,,,,,,,,,,,,,,,,,y,Gemona,https://pleiades.stoa.org/places/187394,,,,,,,,,,y,genius,,,
Genio,caes0683-2,Genius,PROPN,w-Genio,,y,genius,,,,,,,,,,,,,,,,,,,,,,,,,,,y,genius,,,
Geniu,jeru0495-5,Geniu,PROPN,w-Geniu,,y,genius,,,,,,,,,,,,,,,,,,,,,,,,,,,,,,,
genus,maay0001-29,genus,NOUN,w-genus,,,,,,,,,,,,,,,,,,,,,,,,,,,,,,,,,,
Germanicus,unkn0130-8,Germanicus,PROPN,w-Germanicus,,,,y,m,other,Germanicus,,,,,,,y,German,,,,,,,,,,,,,,,,,,,
Gordiano,caes0107-5,Gordianus,PROPN,w-Gordiano,,,,y,m,other,Gordian,,,,,,,,,,,,,,,,,,,,,,,,,,,
h,masa0941-27,h,X,w-h,,,,,,,,,,,,,,,,,,,,,,,,,,,,,,,,,,
Hadriano,"caes0049-4, caes0047-4, jeru0497-5, caes0045-3, jeru0554-11, caes0053-3, tsha0002-11",Hadrianus,PROPN,w-Hadriano,,,,y,m,other,Hadrianus,,,,,,,,,,,,,,,,,,,,,,,,,,,
Hadrianus,"caes0054-4, caes0052-4, cape0001-11, caes0051-4",Hadrianus,PROPN,w-Hadrianus,,,,y,m,other,Hadrianus,,,,,,,,,,,,,,,,,,,,,,,,,,,
haeres,nabl0002-10,haereo,VERB,w-haeres,,,,,,,,,,,,,,,,y,heir,,,,,,,,,,,,,,,,,
heredes,caes0146-28,heres,NOUN,w-heredes,,,,,,,,,,,,,,,,y,heir,,,,,,,,,,,,,,,,,
heres,emma0001-21,ho,VERB,w-heres,,,,,,,,,,,,,,,,y,heir,,,,,,,,,,,,,,,,,
heres,caes0044-11,heres,NOUN,w-heres,,,,,,,,,,,,,,,,y,heir,,,,,,,,,,,,,,,,,
Herinnius,masa0829-2,Herinnius,PROPN,w-Herinnius,,,,y,m,other,Herennius,,,,,,,,,,,,,,,,,,,,,,,,,,,
Hestia,haif0020a-3,Hestia,PROPN,w-Hestia,,y,Hestia,,,,,,,,,,,,,,,,,,,,,,,,,,,,,,,
hic,emma0001-18,hic,DET,w-hic,,,,,,,,,,,,,,,,,,,,,,,,,,,,,,,,,,
Hilarus,caes0146-20,Hilarus,PROPN,w-Hilarus,,,,y,m,other,Hilarius,,,,,,,,,,,,,,,,,,,,,,,,,,,
honesta,unkn0130-81,honestus,ADJ,w-honesta,,,,,,,,,,,,,,,,,,,,,,,,,,,,,,,,,,
honoris,"caes0031-17, caes0002-5",honor,NOUN,w-honoris,,,,,,,,,,,,,,,,,,,,,,,,,,,,,,,,,,
iis,unkn0130-22,is,DET,w-iis,,,,,,,,,,,,,,,,,,,,,,,,,,,,,,,,,,
imperator,"unkn0131-18, jeru0491-5, achz0001-12, caes0054-1, achz0001-1, unkn0131-1, unkn0130-1, jeru0491-1, jeru0494-5, caes0051-1, unkn0130-14, cape0001-1, jeru0494-1",imperator,NOUN,w-imperator,,,,,,,,,y,government,emperor,,,,,,,,,,,,,,,,,,,,,,,
imperatore,"caes0049-1, caes0045-1, caes0052-1, caes0053-1, caes0047-1",imperator,NOUN,w-imperatore,,,,,,,,,y,government,emperor,,,,,,,,,,,,,,,,,,,,,,,
imperatori,"jeru0554-1, tsha0002-1, caes0027-1, caes0006-1, tsha0002-18, caes0107-1, jeru0497-1, ashk0003a-1, kara0001-1, bshe0006-5, caes0106-1, caes0027-12",imperator,NOUN,w-imperatori,,,,,,,,,y,government,emperor,,,,,,,,,,,,,,,,,,,,,,,
imperatoribus,ashk0003b-1,imperator,NOUN,w-imperatoribus,,,,,,,,,y,government,emperor,,,,,,,,,,,,,,,,,,,,,,,
imperatoris,"megi0002-12, jeru0495-3",imperator,NOUN,w-imperatoris,,,,,,,,,y,government,emperor,,,,,,,,,,,,,,,,,,,,,,,
imperium,maay0001-31,imperium,NOUN,w-imperium,,,,,,,,,,,,,,,,,,,,,,,,,,,,,,,,,,
in,"unkn0130-68, unkn0130-28",in,ADP,w-in,,,,,,,,,,,,,,,,,,,,,,,,,,,,,,,,,,
incolumitate,megi0002-9,incolumitas,NOUN,w-incolumitate,,,,,,,,,,,,,,,,,,,,,,,,,,,,,,,,,,
invictis,ashk0003b-14,imuictus,ADJ,w-invictis,,,,,,,,,,,,,,,,,,,,,,,,,,,,,,,,,,
invicto,"caes0017-11, caes0014-11",inuictus,ADJ,w-invicto,,,,,,,,,,,,,,,,,,,,,,,,,,,,,,,,,,
invicto,"caes0009-14, caes0006-8, caes0354-1, ashk0003a-17, bshe0006-13",invictus,ADJ,w-invicto,,,,,,,,,,,,,,,,,,,,,,,,,,,,,,,,,,
Iosepus,masa0936-1,Iosepus,PROPN,w-Iosepus,,,,y,m,Jewish,Josephus,,,,,,,,,,,,,,,,,,,,,,,,,,,
Iouliano,,Ioulianum,PROPN,w-Iouliano,,,,y,m,other,Julianus,,,,,,,,,,,,,,,,,,,,,,,,,,,
ipsis,unkn0130-87,ipse,DET,w-ipsis,,,,,,,,,,,,,,,,,,,,,,,,,,,,,,,,,,
Isidi,megi0002-1,Isis,PROPN,w-Isidi,,y,Isis,,,,,,,,,,,,,,,,,,,,,,,,,,,,,,,
Isidorianus,megi0002-27,Isidorianus,PROPN,w-Isidorianus,,,,y,m,other,Isidorianus,,,,,,,,,,,,,,,,,,,,,,,,,,,
italico,caes0145-3,italiquus,ADJ,w-italico,,,,y,m,other,Italiquus,,,,,,,y,Italian,,,,,,,,,,,,,,,,,,,
Iudaea,unkn0130-69,Iudaea,PROPN,w-Iudaea,,,,,,,,,,,,,,,,,,y,Judaea,https://pleiades.stoa.org/places/981527,,,,,,,,,,,,,,
Iudaeae,caes0043-6,Iudaea,PROPN,w-Iudaeae,,,,,,,,,,,,,,,,,,y,Judaea,https://pleiades.stoa.org/places/981527,,,,,,,,,,,,,,
iulia,caes0032-4,iulius,ADJ,w-iulia,,,,y,m,other,Julius,,,,,,,,,,,,,,,,,,,,,,,,,,,
Iuliano,"maay0001-15, caes0011-2",Iulianus,PROPN,w-Iuliano,,,,y,m,other,Julianus,,,,,,,,,,,,,,,,,,,,,,,,,,,
Iulianus,caes0148-13,Iulianus,PROPN,w-Iulianus,,,,y,m,other,Julianus,,,,,,,,,,,,,,,,,,,,,,,,,,,
Iulii,caes0032-5,Iulius,PROPN,w-Iulii,,,,y,m,other,Julius,,,,,,,,,,,,,,,,,,,,,,,,,,,
Iulio,"caes0018-2, kara0001-13, caes0106-13, kara0001-4, caes0106-4",Iulius,PROPN,w-Iulio,,,,y,m,other,Julius,,,,,,,,,,,,,,,,,,,,,,,,,,,
Iulius,"caes0119-2, caes0148-12, caes0148-4, megi0002-26",Iulius,PROPN,w-Iulius,,,,y,m,other,Julius,,,,,,,,,,,,,,,,,,,,,,,,,,,
iussit,caes0044-13,iubeo,VERB,w-iussit,,,,,,,,,,,,,,,,,,,,,,,,,,,,,,,,,,
Iustinus,caes0007-7,Iustinus,PROPN,w-Iustinus,,,,y,m,other,Justinus,,,,,,,,,,,,,,,,,,,,,,,,,,,
iuventutis,"caes0014-4, caes0017-4",iuuentus,NOUN,w-iuventutis,,,,y,m,other,Juventus,,,,,,,,,,,,,,,,,,,,,,,,,,,
ivimus,jeru0306-2,ivo,VERB,w-ivimus,,,,,,,,,,,,,,,,,,,,,,,,,,,,,,,,,,
Lati,caes0062-5,Latium,PROPN,w-Lati,,,,,,,,,,,,,,y,tribe,,,,,,,,,,,,,,,,,,,
legato,"caes0022-2, caes0034-3, caes0035-2, caes0034-1, caes0018-4, caes0020-1, caes0021-4, caes0031-2, achz0001-21, jeru0494-14",legatus,NOUN,w-legato,,,,,,,,,y,military,legate,y,rank,,,,,,,,,,,,,,,,,,,,,
legio,"masa0937-1, masa0853-1, megi0002-21, jeru0554-22",legio,NOUN,w-legio,,,,,,,,,,,,y,legion,,,,,,,,,,,,,,,,,,,,,
Legio,"masa0937-1, masa0853-1, megi0002-21, jeru0554-22",Legio,PROPN,w-Legio,,,,,,,,,,,,y,legion,,,,,,,,,,,,,,,,,,,,,
Legio,"caes0529-1, jeru0536-1, jeru0535-1",Legium,PROPN,w-Legio,,,,,,,,,,,,y,legion,,,,,,,,,,,,,,,,,,,,,
legionis,"gado0001-2, caes0146-6, caes0148-7, caes0045-6, emma0001-8, caes0047-7, caes0050-1, caes0051-9, caes0046-2, caes0049-7, caes0048-2, caes0034-2, caes0052-9, caes0054-8, caes0053-6, nabl0001-11, caes0119-5, caes0349-1, caes0035-5, caes0146-14, caes0021-5, caes0350-3",legio,NOUN,w-legionis,,,,,,,,,,,,y,legion,,,,,,,,,,,,,,,,,,,,,
legionis,caes0031-10,legionus,NOUN,w-legionis,,,,,,,,,,,,y,legion,,,,,,,,,,,,,,,,,,,,,
Legionis,jeru0491-14,Legion,PROPN,w-Legionis,,,,,,,,,,,,y,legion,,,,,,,,,,,,,,,,,,,,,
liberatori,maay0001-3,liberatus,NOUN,w-liberatori,,,,,,,,,,,,,,,,y,freedperson,,,,,,,,,,,,,,,,,
liberis,unkn0130-88,liberi,NOUN,w-liberis,,,,,,,,,,,,,,,,,,,,,,,,,,,,,,,,,,
liberti,caes0146-25,libertus,NOUN,w-liberti,,,,,,,,,,,,,,,,y,freedperson,,,,,,,,,,,,,,,,,
liberto,caes0002-4,libertus,NOUN,w-liberto,,,,,,,,,,,,,,,,y,freedperson,,,,,,,,,,,,,,,,,
Livi,masa0948-1,Liuius,PROPN,w-Livi,,,,y,m,other,Livius,,,,,,,,,,,,,,,,,,,,,,,,,,,
Longinus,nabl0001-8,Longinus,PROPN,w-Longinus,,,,y,m,other,Livius,,,,,,,,,,,,,,,,,,,,,,,,,,,
Lucilio,jeru0494-12,Lucilius,PROPN,w-Lucilio,,,,y,m,other,Lucilius,,,,,,,,,,,,,,,,,,,,,,,,,,,
Lucius,jeru0491-10,Lucius,PROPN,w-Lucius,,,,y,m,other,Lucius,,,,,,,,,,,,,,,,,,,,,,,,,,,
ludis,caes0122-6,ludus,NOUN,w-ludis,,,,,,,,,,,,,,,,,,,,,,,,y,ludus,,,,,,,,,
Lusitanorum,unkn0130-45,Lusitani,PROPN,w-Lusitanorum,,,,,,,,,,,,,,,,,,,,,,,,,,,,,,,,,,
macedonicae,emma0001-10,macedonicus,ADJ,w-macedonicae,,,,,,,,,,,,y,unitname,y,Macedonian,,,,,,,,,,,,,,,,,,,
Magnum,megi0002-19,Magnus,PROPN,w-Magnum,,,,,,,,,,,,,,,,,,,,,,,,,,,,,,,,,,
Magnus,caes0119-3,Magnus,PROPN,w-Magnus,,,,,,,,,,,,,,,,,,,,,,,,,,,,,,,,,,
maiestati,caes0019-5,maiestas,NOUN,w-maiestati,,,,,,,,,,,,,,,,,,,,,,,,,,,,,,,,,,
maiestatique,"bshe0006-22, caes0029-3, caes0006-16, caes0017-23, caes0014-23",maiestatus,NOUN,w-maiestatique,,,,,,,,,,,,,,,,,,,,,,,,,,,,,,,,,,
maioris,ashk0003a-5,magnus,ADJ,w-maioris,,,,,,,,,,,,,,,,,,,,,,,,,,,,,,,,,,
manibus,nabl0002-2,manus,NOUN,w-manibus,,y,chthonic,,,,,,,,,,,,,,,,,,,,,,,,,,,,,,,
Manibus,"nabl0001-2, caes0146-2",Manes,PROPN,w-Manibus,,y,chthonic,,,,,,,,,,,,,,,,,,,,,,,,,,,,,,,
manibus,caes0160-2,manibus,ADV,w-manibus,,y,chthonic,,,,,,,,,,,,,,,,,,,,,,,,,,,,,,,
Marci,"masa0950-1, bani0003-2, masa0949-1",Marcus,PROPN,w-Marci,,,,y,m,other,Marcus,,,,,,,,,,,,,,,,,,,,,,,,,,,
Marco,"caes0107-3, ashk0003a-12, caes0009-8, ashk0003b-8",Marcus,PROPN,w-Marco,,,,y,m,other,Marcus,,,,,,,,,,,,,,,,,,,,,,,,,,,
Marcum,caes0003-1,Marcus,PROPN,w-Marcum,,,,y,m,other,Marcus,,,,,,,,,,,,,,,,,,,,,,,,,,,
Marcus,"masa0829-1, caes0018-10, unkn0131-3",Marcus,PROPN,w-Marcus,,,,y,m,other,Marcus,,,,,,,,,,,,,,,,,,,,,,,,,,,
Marini,caes0164-2,Marinus,PROPN,w-Marini,,,,y,m,other,Marinus,,,,,,,,,,,,,,,,,,,,,,,,,,,
marion,jeru0164-1,marion,VERB,w-marion,,,,y,f,other,Miriam,,,,,,,,,,,,,,,,,,,,,,,,,,,
maritus,caes0148-10,maritus,NOUN,w-maritus,,,,,,,,,,,,,,,,y,husband,,,,,,,,,,,,,,,,,
mater,caes0044-9,mater,NOUN,w-mater,,,,,,,,,,,,,,,,y,mother,,,,,,,,,,,,,,,,,
mauretana,unkn0130-38,mauretanus,ADJ,w-mauretana,,,,,,,,,,,,,,y,Mauretanian,,,,,,,,,,,,,,,,,,,
Maurorum,nabl0002-6,Mauri,PROPN,w-Maurorum,,,,,,,,,,,,y,unitname,,,,,,,,,,,,,,,,,,,,,
Maximiano,"caes0009-11, caes0014-8, ashk0003b-11, bshe0006-9",Maximianus,PROPN,w-Maximiano,,,,y,m,other,Maximianus,,,,,,,,,,,,,,,,,,,,,,,,,,,
Maximianus,"yotv0001-6, yotv0001-11",Maximianus,PROPN,w-Maximianus,,,,y,m,other,Maximianus,,,,,,,,,,,,,,,,,,,,,,,,,,,
Maximino,"caes0106-6, kara0001-6",Maximinus,PROPN,w-Maximino,,,,y,m,other,Maximinus,,,,,,,,,,,,,,,,,,,,,,,,,,,
Maximo,"maay0001-25, caes0106-15, kara0001-15",Maximus,PROPN,w-Maximo,,,,y,m,other,Maximus,,,,,,,,,,,,,,,,,,,,,,,,,,,
maximo,"caes0027-6, jeru0554-14, tsha0002-14, maay0001-21, maay0001-23, maay0001-19",magnus,ADJ,w-maximo,,,,,,,,,,,,,,,,,,,,,,,,,,,,,,,,,,
maximus,"achz0001-9, unkn0131-12, unkn0131-10, unkn0130-10, unkn0131-14",magnus,ADJ,w-maximus,,,,,,,,,,,,,,,,,,,,,,,,,,,,,,,,,,
merenti,nabl0002-12,mereor,VERB,w-merenti,,,,,,,,,,,,,,,,,,,,,,,,,,,,,,,,,,
merenti,"nabl0001-24, caes0163-2",merens,ADJ,w-merenti,,,,,,,,,,,,,,,,,,,,,,,,,,,,,,,,,,
merenti,caes0018-20,merenti,X,w-merenti,,,,,,,,,,,,,,,,,,,,,,,,,,,,,,,,,,
meritis,caes0031-16,meritum,NOUN,w-meritis,,,,,,,,,,,,,,,,,,,,,,,,,,,,,,,,,,
merverant,unkn0130-79,mereo,VERB,w-merverant,,,,,,,,,,,,,,,,,,,,,,,,,,,,,,,,,,
Mesopotamiae,caes0010-6,Mesopotamia,PROPN,w-Mesopotamiae,,,,,,,,,,,,,,,,,,y,Mesopotamia,https://pleiades.stoa.org/errata/1001936,,,,,,,,,,,,,,
metropolis,"caes0010-23, caes0010-10, caes0011-9",metropolis,NOUN,w-metropolis,,,,,,,,,,,,,,,,,,y,generic,,,,,,,,,,,,,,,
miles,"emma0001-7, nabl0001-10",miles,NOUN,w-miles,,,,,,,,,,,,y,rank,,,,,,,,,,,,,,,,,,,,,
milia,ashk0003a-25,mille,NUM,w-milia,,,,,,,,,,,,,,,,,,,,,,,,,,y,length,,,,,,,
militaverunt,unkn0130-24,milito,VERB,w-militaverunt,,,,,,,,,,,,y,generic,,,,,,,,,,,,,,,,,,,,,
militavit,emma0001-15,milito,VERB,w-militavit,,,,,,,,,,,,y,generic,,,,,,,,,,,,,,,,,,,,,
milliaria,unkn0130-52,milliaria,NOUN,w-milliaria,,,,,,,,,,,,y,unitname,,,,,,,,,,,,,,,,,,,,,
missione,unkn0130-82,missio,NOUN,w-missione,,,,,,,,,,,,y,generic,,,,,,,,,,,,,,,,,,,,,
mitia,haif0020a-7,mitis,ADJ,w-mitia,,,,,,,,,,,,,,,,,,,,,,,,,,,,,,,,,,
Nepos,cape0001-9,Nepos,PROPN,w-Nepos,,,,y,m,other,Nepos,,,,,,,,,,,,,,,,,,,,,,,,,,,
nepot,masa0947-1,nepot,VERB,w-nepot,,,,,,,,,,,,,,,,,,,,,,,,,,,,,,,,,,
nepoti,"ashk0003a-11, jeru0554-9, tsha0002-9",nepos,NOUN,w-nepoti,,,,,,,,,,,,,,,,y,grandson,,,,,,,,,,,,,,,,,
Nervae,"tsha0002-8, cape0001-8, jeru0554-8",Nerua,PROPN,w-Nervae,,,,y,m,other,Nerva,,,,,,,,,,,,,,,,,,,,,,,,,,,
nobilissimi,yotv0001-12,nobilis,ADJ,w-nobilissimi,,,,,,,,,,,,,,,,,,,,,,,,,,,,,,,,,,
Nobilissimo,kara0001-16,Nobilissimus,PROPN,w-Nobilissimo,,,,y,m,other,Nobilissimus,,,,,,,,,,,,,,,,,,,,,,,,,,,
nobilissimo,"caes0106-16, caes0017-12, caes0014-12",nobilis,ADJ,w-nobilissimo,,,,,,,,,,,,,,,,,,,,,,,,,,,,,,,,,,
nomina,unkn0130-84,nomen,NOUN,w-nomina,,,,y,,other,generic,,,,,,,,,,,,,,,,,,,,,,,,,,,
Nostius,masa0831-2,Nostius,PROPN,w-Nostius,,,,y,,other,Nostius,,,,,,,,,,,,,,,,,,,,,,,,,,,
nostri,"caes0011-7, megi0002-11, kara0001-20",noster,DET,w-nostri,,,,,,,,,,,,,,,,,,,,,,,,,,,,,,,,,,
nostri,caes0106-20,nostri,NUM,w-nostri,,,,,,,,,,,,,,,,,,,,,,,,,,,,,,,,,,
nostro,"bshe0006-4, caes0009-7, caes0106-10, maay0001-14, kara0001-10",noster,DET,w-nostro,,,,,,,,,,,,,,,,,,,,,,,,,,,,,,,,,,
novo,tsha0001-10,nouus,ADJ,w-novo,,,,,,,,,,,,,,,,,,,,,,,,,,,,,,,,,,
numini,"caes0019-4, caes0017-22, bshe0006-21, caes0029-2, caes0006-15, caes0014-22",numen,NOUN,w-numini,,y,numen,,,,,,,,,,,,,,,,,,,,,,,,,,,y,numen,,,
ob,maay0001-30,ob,ADP,w-ob,,,,,,,,,,,,,,,,,,,,,,,,,,,,,,,,,,
Octavii,"masa0950-2, masa0949-2",Octauius,PROPN,w-Octavii,,,,y,m,other,Octavius,,,,,,,,,,,,,,,,,,,,,,,,,,,
oeorum,unkn0130-90,oeor,NOUN,w-oeorum,,,,,,,,,,,,,,,,,,,,,,,,,,,,,,,,,,
offici,caes0682-4,officium,NOUN,w-offici,,,,,,,,,y,other,generic,,,,,,,,,,,,,,,,,,,,,,,
omnia,"haif0020a-8, caes0683-4",omnis,DET,w-omnia,,,,,,,,,,,,,,,,,,,,,,,,,,,,,,,,,,
Oppius,emma0001-2,Oppius,PROPN,w-Oppius,,,,y,m,other,Oppius,,,,,,,,,,,,,,,,,,,,,,,,,,,
optimae,caes0148-3,bonus,ADJ,w-optimae,,,,,,,,,,,,,,,,,,,,,,,,,,,,,,,,,,
optimo,"caes0037-2, caes0018-18",bonus,X,w-optimo,,,,,,,,,,,,,,,,,,,,,,,,,,,,,,,,,,
optimo,"caes0037-2, caes0018-18",bonus,ADJ,w-optimo,,,,,,,,,,,,,,,,,,,,,,,,,,,,,,,,,,
optio,emma0001-11,optium,NOUN,w-optio,,,,,,,,,y,military,optio,y,rank,,,,,,,,,,,,,,,,,,,,,
oratorem,caes0003-11,orator,NOUN,w-oratorem,,,,,,,,,,,,,,,,,,,,,,,,y,orator,,,,,,,,,
orbis,maay0001-2,orbis,NOUN,w-orbis,,,,,,,,,,,,,,,,,,y,generic,,,,,,,,,,,,,,,
Osrhoenae,caes0010-8,Osrhoena,PROPN,w-Osrhoenae,,,,,,,,,,,,,,,,,,y,Osroene,https://pleiades.stoa.org/places/1001935,,,,,,,,,,,,,,
ostio,yotv0001-16,ostium,NOUN,w-ostio,,,,,,,,,,,,,,,,,,,,,,,,,,,,,,,,,,
paci,yotv0001-2,pax,NOUN,w-paci,,,,,,,,,,,,,,,,,,,,,,,,,,,,,,,,,,
palaestinae,"caes0033-5, yotv0001-24, caes0014-20, caes0032-3, caes0018-9, caes0009-22, caes0036-3, caes0022-7, caes0017-20, bshe0006-20, caes0020-7",palaestinus,ADJ,w-palaestinae,,,,,,,,,,,,,,,,,,y,Palestine,https://pleiades.stoa.org/places/991396,,,,,,,,,,,,,,
Palaestinae,caes0351-2,Palaestina,PROPN,w-Palaestinae,,,,,,,,,,,,,,,,,,y,Palestine,https://pleiades.stoa.org/places/991396,,,,,,,,,,,,,,
parthici,"tsha0002-5, cape0001-5, jeru0554-5",parthicus,ADJ,w-parthici,,,,,,,,,,,,,,y,Parthian,,,,,,,,,,,,,,,,,,,
parthicus,unkn0131-9,parthicus,ADJ,w-parthicus,,,,,,,,,,,,,,y,Parthian,,,,,,,,,,,,,,,,,,,
passuum,ashk0003a-26,passus,NOUN,w-passuum,,,,,,,,,,,,,,,,,,,,,,,,,,,,,,,,,,
pater,"unkn0131-22, unkn0130-20, achz0001-14",pater,NOUN,w-pater,,,,,,,,,,,,,,,,y,father,,,,,,,,,,,,,,,,,
patri,"jeru0497-9, maay0001-26, jeru0554-20, caes0027-7, tsha0002-22",pater,NOUN,w-patri,,,,,,,,,,,,,,,,y,father,,,,,,,,,,,,,,,,,
patriae,"tsha0002-23, jeru0554-21, maay0001-27, caes0027-8, unkn0130-21, unkn0131-23, jeru0497-10, achz0001-15",patria,NOUN,w-patriae,,,,,,,,,,,,,,,,,,y,generic,,,,,,,,,,,,,,,
patrono,"caes0011-8, caes0146-29, caes0010-9",patronus,NOUN,w-patrono,,,,,,,,,,,,,,,,y,patron,,,,,,,,,,,,,,,,,
pecunia,"caes0003-15, caes0010-14",pecunia,NOUN,w-pecunia,,,,,,,,,y,government,pecunia,,,,,,,,,,,,,,,,,,,,,,,
pedes,"caes0062-3, caes0062-7",pes,NOUN,w-pedes,,,,,,,,,y,military,pedes,y,rank,,,,,,,,,,,,,,,,,,,,,
pedites,unkn0130-27,pedites,NOUN,w-pedites,,,,,,,,,y,military,pedes,y,rank,,,,,,,,,,,,,,,,,,,,,
per,"caes0051-7, yotv0001-18, caes0054-6, caes0052-7",per,ADP,w-per,,,,,,,,,,,,,,,,,,,,,,,,,,,,,,,,,,
perfectissimo,caes0010-4,perfectus,ADJ,w-perfectissimo,,,,,,,,,,,,,,,,,,,,,,,,,,,,,,,,,,
perfectissimus,"caes0009-19, caes0017-17, caes0006-12, caes0014-17",perfectus,ADJ,w-perfectissimus,,,,,,,,,,,,,,,,,,,,,,,,,,,,,,,,,,
Perpetuae,yotv0001-1,Perpetua,PROPN,w-Perpetuae,,,,,,,,,,,,,,,,,,,,,,,,,,,,,,,,,,
perpetuo,maay0001-16,perpetuus,ADJ,w-perpetuo,,,,,,,,,,,,,,,,,,,,,,,,,,,,,,,,,,
perpetuus,unkn0130-17,perpetuus,ADJ,w-perpetuus,,,,,,,,,,,,,,,,,,,,,,,,,,,,,,,,,,
Phrygum,tsha0001-4,Phrygia,PROPN,w-Phrygum,,,,,,,,,,,,y,unitname,y,Phrygia,,,,,,,,,,,,,,,,,,,
pii,"ashk0003a-10, ashk0003a-6",pius,ADJ,w-pii,,,,y,m,other,Pius,,,,,,,,,,,,,,,,,,,,,,,,,,,
piis,ashk0003b-12,pius,ADJ,w-piis,,,,y,m,other,Pius,,,,,,,,,,,,,,,,,,,,,,,,,,,
piissimo,caes0146-30,pius,ADJ,w-piissimo,,,,y,m,other,Pius,,,,,,,,,,,,,,,,,,,,,,,,,,,
Pilatus,caes0043-4,Pilatus,PROPN,w-Pilatus,,,,y,m,other,Pilatus,,,,,,,,,,,,,,,,,,,,,,,,,,,
pili,caes0032-8,pilus,NOUN,w-pili,,,,,,,,,y,military,centurion,y,rank,,,,,,,,,,,,,,,,,,,,,
pilo,caes0145-5,pilus,NOUN,w-pilo,,,,,,,,,y,military,centurion,y,rank,,,,,,,,,,,,,,,,,,,,,
pilus,megi0002-29,pilus,NOUN,w-pilus,,,,,,,,,y,military,centurion,y,rank,,,,,,,,,,,,,,,,,,,,,
Pio,"kara0001-7, caes0006-6, caes0107-11, ashk0003a-15, caes0014-9, bshe0006-10, caes0009-12, caes0106-7, jeru0497-8, caes0017-9",Pius,PROPN,w-Pio,,,,y,m,other,Pius,,,,,,,,,,,,,,,,,,,,,,,,,,,
pio,"kara0001-7, caes0006-6, caes0107-11, ashk0003a-15, caes0014-9, bshe0006-10, caes0009-12, caes0106-7, jeru0497-8, caes0017-9",pius,ADJ,w-pio,,,,y,m,other,Pius,,,,,,,,,,,,,,,,,,,,,,,,,,,
pius,unkn0131-6,pius,ADJ,w-pius,,,,y,m,other,Pius,,,,,,,,,,,,,,,,,,,,,,,,,,,
Pomponio,unkn0130-72,Pomponius,PROPN,w-Pomponio,,,,y,m,other,Pomponius,,,,,,,,,,,,,,,,,,,,,,,,,,,
Pomponius,tsha0001-5,Pomponius,PROPN,w-Pomponius,,,,y,m,other,Pomponius,,,,,,,,,,,,,,,,,,,,,,,,,,,
pontes,"ashk0003a-23, unkn0131-27",pons,NOUN,w-pontes,,,,,,,,,,,,,,,,,,,,,,,,,,,,y,travel,,,,,
pontifex,"unkn0131-13, achz0001-8, unkn0130-9",pontifex,NOUN,w-pontifex,,,,,,,,,,,,,,,,,,,,,,,,y,priest,,,,,,,,,
pontificem,caes0003-4,pontifex,NOUN,w-pontificem,,,,,,,,,,,,,,,,,,,,,,,,y,priest,,,,,,,,,
pontifici,"caes0027-5, jeru0497-11, caes0107-14, maay0001-24, jeru0554-13, tsha0002-13",pontifex,NOUN,w-pontifici,,,,,,,,,,,,,,,,,,,,,,,,y,priest,,,,,,,,,
Pontius,caes0043-3,Pontius,PROPN,w-Pontius,,,,y,m,other,Pontius,,,,,,,,,,,,,,,,,,,,,,,,,,,
posterisque,unkn0130-89,posterus,ADJ,w-posterisque,,,,,,,,,,,,,,,,,,,,,,,,,,,,,,,,,,
posuit,nabl0001-25,pono,VERB,w-posuit,,,,,,,,,,,,,,,,,,,,,,,,,,,,,,,,,,
potentis,caes0146-4,potens,ADJ,w-potentis,,,,y,m,other,Potens,,,,,,,,,,,,,,,,,,,,,,,,,,,
potestate,"caes0027-15, achz0001-11, jeru0554-16, tsha0002-16, unkn0130-12, caes0107-16",potestas,NOUN,w-potestate,,,,,,,,,y,government,potentate,,,,,,,,,,,,,,,,,,,,,,,
potestatis,"ashk0003a-20, unkn0131-16",potestas,NOUN,w-potestatis,,,,,,,,,y,government,potentate,,,,,,,,,,,,,,,,,,,,,,,
praefecti,caes0146-5,praefectus,NOUN,w-praefecti,,,,,,,,,y,government,prefect,,,,,,,,,,,,,,,,,,,,,,,
praefecto,"caes0022-8, caes0010-5",praefectus,NOUN,w-praefecto,,,,,,,,,y,government,prefect,,,,,,,,,,,,,,,,,,,,,,,
praefectus,jeru0491-12,praefectus,ADJ,w-praefectus,,,,,,,,,y,government,prefect,,,,,,,,,,,,,,,,,,,,,,,
praefectus,"caes0043-5, tsha0001-7",praefectus,NOUN,w-praefectus,,,,,,,,,y,government,prefect,,,,,,,,,,,,,,,,,,,,,,,
praesentissimum,megi0002-17,praesens,ADJ,w-praesentissimum,,,,,,,,,,,,,,,,,,,,,,,,,,,,,,,,,,
praeses,"caes0014-18, bshe0006-17, caes0009-20, caes0017-18",praeses,NOUN,w-praeses,,,,,,,,,y,government,governor,,,,,,,,,,,,,,,,,,,,,,,
praesidis,yotv0001-21,praeses,NOUN,w-praesidis,,,,,,,,,y,government,governor,,,,,,,,,,,,,,,,,,,,,,,
praetore,"achz0001-24, caes0018-7, jeru0494-17, caes0020-4, caes0031-5, caes0034-6, caes0022-5",praetor,NOUN,w-praetore,,,,,,,,,y,government,praetor,,,,,,,,,,,,,,,,,,,,,,,
Praetorio,jeru0491-13,Praetorius,PROPN,w-Praetorio,,,,,,,,,y,government,praetor,,,,,,,,,,,,,,,,,,,,,,,
primae,caes0044-2,prima,NOUN,w-primae,,,,,,,,,,,,y,unitname,,,,,,,,,,,,,,,,,,,,,
primi,caes0032-7,primus,ADJ,w-primi,,,,,,,,,,,,,,,,,,,,,,,,,,,,,,,,,,
primo,caes0145-4,primus,ADJ,w-primo,,,,,,,,,,,,,,,,,,,,,,,,,,,,,,,,,,
primus,megi0002-28,primus,ADJ,w-primus,,,,,,,,,,,,,,,,,,,,,,,,,,,,,,,,,,
principi,"caes0017-5, caes0014-5",principium,NOUN,w-principi,,,,,,,,,y,government,princeps,,,,,,,,,,,,,,,,,,,,,,,
principi,caes0009-5,princeps,NOUN,w-principi,,,,,,,,,y,government,princeps,,,,,,,,,,,,,,,,,,,,,,,
Prisci,yotv0001-20,Priscus,PROPN,w-Prisci,,,,y,m,other,Priscus,,,,,,,,,,,,,,,,,,,,,,,,,,,
Priscus,"caes0014-15, caes0017-15",Priscus,PROPN,w-Priscus,,,,y,m,other,Priscus,,,,,,,,,,,,,,,,,,,,,,,,,,,
pro,"caes0034-5, jeru0495-1, caes0031-4, achz0001-23, caes0022-4, caes0031-13, caes0122-5, caes0018-6, caes0020-3, jeru0494-16, megi0002-6",pro,ADP,w-pro,,,,,,,,,,,,,,,,,,,,,,,,,,,,,,,,,,
proconsul,unkn0131-24,proconsul,NOUN,w-proconsul,,,,,,,,,y,government,proconsul,y,rank,,,,,,,,,,,,,,,,,,,,,
proconsule,caes0107-18,proconsule,NOUN,w-proconsule,,,,,,,,,y,government,proconsul,y,rank,,,,,,,,,,,,,,,,,,,,,
procula,caes0032-10,procula,NUM,w-procula,,,,y,f,other,Procula,,,,,,,,,,,,,,,,,,,,,,,,,,,
procurator,"caes0006-13, caes0146-17",procurator,NOUN,w-procurator,,,,,,,,,y,government,procurator,,,,,,,,,,,,,,,,,,,,,,,
procuratori,"caes0007-4, caes0011-5",procurator,NOUN,w-procuratori,,,,,,,,,y,government,procurator,,,,,,,,,,,,,,,,,,,,,,,
Protianus,caes0146-12,Protianus,PROPN,w-Protianus,,,,y,m,other,Protianus,,,,,,,,,,,,,,,,,,,,,,,,,,,
providentiam,yotv0001-19,prouidentia,NOUN,w-providentiam,,y,Providence,,,,,,,,,,,,,,,,,,,,,,,,,,,,,,,
providentissimo,"bshe0006-2, caes0009-3",providentus,ADJ,w-providentissimo,,y,Providence,,,,,,,,,,,,,,,,,,,,,,,,,,,,,,,
provinciae,"yotv0001-22, caes0009-21, bshe0006-18, caes0014-19, caes0017-19, caes0032-1, caes0033-3, caes0020-5",prouincia,NOUN,w-provinciae,,,,,,,,,,,,,,,,,,y,generic,,,,,,,,,,,,,,,
publica,caes0010-15,publicus,ADJ,w-publica,,,,,,,,,,,,,,,,,,,,,,,,,,,,,,,,,,
publica,caes0003-16,publica,NOUN,w-publica,,,,,,,,,,,,,,,,,,,,,,,,,,,,,,,,,,
publicae,maay0001-9,publicus,ADJ,w-publicae,,,,,,,,,,,,,,,,,,,,,,,,,,,,,,,,,,
Publius,emma0001-1,Publius,PROPN,w-Publius,,,,y,m,other,Publius,,,,,,,,,,,,,,,,,,,,,,,,,,,
quae,unkn0130-34,qui,PRON,w-quae,,,,,,,,,,,,,,,,,,,,,,,,,,,,,,,,,,
que,caes0019-6,que,CCONJ,w-que,,,,,,,,,,,,,,,,,,,,,,,,,,,,,,,,,,
qui,"unkn0130-23, unkn0130-74",qui,PRON,w-qui,,,,,,,,,,,,,,,,,,,,,,,,,,,,,,,,,,
quina,unkn0130-75,quinus,ADJ,w-quina,,,,,,,,,,,,,,,,,,,,,,,,,,,,,,,,,,
quirina,caes0018-12,quirinus,ADJ,w-quirina,,,,,,,,,,,,,,y,tribe,,,,,,,,,,,,,,,,,,,
quorum,unkn0130-83,qui,PRON,w-quorum,,,,,,,,,,,,,,,,,,,,,,,,,,,,,,,,,,
Ravenna,emma0001-6,Ravena,PROPN,w-Ravenna,,,,,,,,,,,,,,,,,,y,Ravenna,https://pleiades.stoa.org/places/393480,,,,,,,,,,,,,,
recreatori,maay0001-10,recreator,NOUN,w-recreatori,,,,,,,,,,,,,,,,,,,,,,,,,,,,,,,,,,
refecit,tsha0001-11,reficio,VERB,w-refecit,,,,,,,,,,,,,,,,,,,,,,,,,,,,,,,,,,
rei,maay0001-8,res,NOUN,w-rei,,,,,,,,,,,,,,,,,,,,,,,,,,,,,,,,,,
restauratori,maay0001-5,restauratus,NOUN,w-restauratori,,,,,,,,,,,,,,,,,,,,,,,,,,,,,,,,,,
restituit,ashk0003a-24,restituo,VERB,w-restituit,,,,,,,,,,,,,,,,,,,,,,,,,,,,,,,,,,
retituit,unkn0131-28,retituo,VERB,w-retituit,,,,,,,,,,,,,,,,,,,,,,,,,,,,,,,,,,
Rhodope,caes0160-3,Rhodope,PROPN,w-Rhodope,,,,y,f,other,Rhodope,,,,,,,,,,,,,,,,,,,,,,,,,,,
Romani,maay0001-1,Romanus,PROPN,w-Romani,,,,,,,,,,,,,,y,Roman,,,,,,,,,,,,,,,,,,,
romano,"caes0107-9, caes0010-20",romanus,ADJ,w-romano,,,,,,,,,,,,,,y,Roman,,,,,,,,,,,,,,,,,,,
Romano,"caes0107-9, caes0010-20",Romanus,PROPN,w-Romano,,,,,,,,,,,,,,y,Roman,,,,,,,,,,,,,,,,,,,
Rufo,achz0001-20,Rufus,PROPN,w-Rufo,,,,y,m,other,Rufus,,,,,,,,,,,,,,,,,,,,,,,,,,,
sagittariorum,unkn0130-53,sagittarius,NOUN,w-sagittariorum,,y,Sagittarius,,,,,,,,,y,unitname,,,,,,,,,,,,,,,,,,,,,
salute,"jeru0495-2, megi0002-7",salus,NOUN,w-salute,,,,,,,,,,,,,,,,,,,,,,,,,,,,,,,,,,
Salutem,bani0003-1,Salus,PROPN,w-Salutem,,,,,,,,,,,,,,,,,,,,,,,,,,,,,,,,,,
Sanctianus,tsha0001-6,Sanctianus,PROPN,w-Sanctianus,,,,y,m,other,Sanctianus,,,,,,,,,,,,,,,,,,,,,,,,,,,
sancto,caes0683-1,sanctus,ADJ,w-sancto,,,,,,,,,,,,,,,,,,,,,,,,,,,,,,y,holy,,,
Sarapidem,megi0002-20,Sarapis,PROPN,w-Sarapidem,,y,Sarapis,,,,,,,,,,,,,,,,,,,,,,,,,,,,,,,
Sarmatico,maay0001-22,Sarmaticus,PROPN,w-Sarmatico,,,,,,,,,,,,,,y,Sarmatian,,,,,,,,,,,,,,,,,,,
secundi,caes0146-27,secundus,ADJ,w-secundi,,,,,,,,,,,,,,,,y,heir,,,,,,,,,,,,,,,,,
semper,"bshe0006-24, bshe0006-12",semper,ADV,w-semper,,,,,,,,,,,,,,,,,,,,,,,,,,,,,,,,,,
Semproniano,caes0107-8,Sempronianum,PROPN,w-Semproniano,,,,y,m,other,Sempronianum,,,,,,,,,,,,,,,,,,,,,,,,,,,
septem,unkn0130-33,septem,NUM,w-septem,,,,,,,,,,,,,,,,,,,,,,,,,,,,,,,,,,
servus,masa0834-1,seruus,NOUN,w-servus,,,,,,,,,,,,,,,,y,slave,,,,,,,,,,,,,,,,,
Severi,ashk0003a-9,Seuerus,PROPN,w-Severi,,,,,,,,,,,,,,,,y,slave,,,,,,,,,,,,,,,,,
sevir,caes0122-2,seuir,NOUN,w-sevir,,,,,,,,,y,government,sexvir,,,,,,,,,,,,,,,,,,,,,,,
Sexto,"caes0022-1, jeru0494-11",Sextus,PROPN,w-Sexto,,,,y,m,other,Sextus,,,,,,,,,,,,,,,,,,,,,,,,,,,
Sextus,"mare0401-1, mare0402-1, mare0403-1",Sextus,PROPN,w-Sextus,,,,y,m,other,Sextus,,,,,,,,,,,,,,,,,,,,,,,,,,,
singularibus,caes0031-14,singularis,ADJ,w-singularibus,,,,,,,,,,,,,,,,,,,,,,,,,,,,,,,,,,
situs,emma0001-19,situs,NOUN,w-situs,,,,,,,,,,,,,,,,,,,,,,,,,,,,,,,,,,
Spes,"caes0682-1, fiqg0002-1",Spes,PROPN,w-Spes,,,,,,,,,,,,,,,,,,,,,,,,,,,,,,,,,,
stipendia,unkn0130-78,stipendium,NOUN,w-stipendia,,,,,,,,,,,,,,,,,,,,,,,,,,,,y,financial,,,,,
stipendiorum,nabl0001-14,stipendium,NOUN,w-stipendiorum,,,,,,,,,,,,,,,,,,,,,,,,,,,,y,financial,,,,,
stobis,nabl0001-9,stos,PRON,w-stobis,,,,y,m,other,Stobis,,,,,,,,,,,,,,,,,,,,,,,,,,,
strator,caes0007-9,strator,NOUN,w-strator,,,,,,,,,y,military,strator,y,rank,,,,,,,,,,,,,,,,,,,,,
sua,caes0037-5,suus,DET,w-sua,,,,,,,,,,,,,,,,,,,,,,,,,,,,,,,,,,
sub,unkn0130-70,sub,ADP,w-sub,,,,,,,,,,,,,,,,,,,,,,,,,,,,,,,,,,
subscripta,unkn0130-85,subscribo,VERB,w-subscripta,,,,,,,,,,,,,,,,,,,,,,,,,,,,,,,,,,
sunt,"unkn0130-67, unkn0130-86",sum,VERB,w-sunt,,,,,,,,,,,,,,,,,,,,,,,,,,,,,,,,,,
suo,caes0037-7,suus,DET,w-suo,,,,,,,,,,,,,,,,,,,,,,,,,,,,,,,,,,
suo,caes0002-11,suo,NOUN,w-suo,,,,,,,,,,,,,,,,,,,,,,,,,,,,,,,,,,
Suri,masa0948-3,Syrii,PROPN,w-Suri,,,,,,,,,,,,,,,,,,y,Syria,https://pleiades.stoa.org/places/991407,,,,,,,,,,,,,,
Suriae,bshe0006-19,Syria,PROPN,w-Suriae,,,,,,,,,,,,,,,,,,y,Syria,https://pleiades.stoa.org/places/991407,,,,,,,,,,,,,,
Symphorus,caes0146-24,Symphorus,PROPN,w-Symphorus,,,,y,m,other,Symphorus,,,,,,,,,,,,,,,,,,,,,,,,,,,
Syriae,"yotv0001-23, caes0032-2, caes0020-6, caes0022-6, caes0033-4, caes0351-1, caes0018-8, caes0036-2",Syria,PROPN,w-Syriae,,,,,,,,,,,,,,,,,,y,Syria,https://pleiades.stoa.org/places/991407,,,,,,,,,,,,,,
templorum,maay0001-4,templum,NOUN,w-templorum,,,,,,,,,,,,,,,,,,,,,,,,,,,,y,building,y,temple,,,
templum,jeru0495-4,templum,NOUN,w-templum,,,,,,,,,,,,,,,,,,,,,,,,,,,,y,building,y,temple,,,
testamento,caes0044-7,testamentum,NOUN,w-testamento,,,,,,,,,,,,,,,,,,,,,,,,,,,,y,financial,,,,,
Theodoru,caes0517-1,Theodorus,PROPN,w-Theodoru,,,,y,m,other,Christian,,,,,,,,,,,,,,,,,,,,,,,,,,,
Theophilo,caes0010-18,Theophilus,PROPN,w-Theophilo,,,,y,m,other,Christian,,,,,,,,,,,,,,,,,,,,,,,,,,,
Thraciae,caes0035-1,Thracia,PROPN,w-Thraciae,,,,,,,,,,,,y,unitname,y,Thracia,,,,,,,,,,,,,,,,,,,
Thracum,"unkn0130-37, unkn0130-58",Thraces,PROPN,w-Thracum,,,,,,,,,,,,y,unitname,y,Thracia,,,,,,,,,,,,,,,,,,,
Tiberianus,caes0148-5,Tiberianus,PROPN,w-Tiberianus,,,,y,m,other,Tiberius,,,,,,,,,,,,,,,,,,,,,,,,,,,
Tiberieum,caes0043-2,Tiberieus,PROPN,w-Tiberieum,,,,,,,,,,,,,,,,,,y,building,,,,,,,,,,,y,Tibereium,,,
Tiberio,"caes0145-1, caes0021-1",Tiberius,PROPN,w-Tiberio,,,,y,m,other,Tiberius,,,,,,,,,,,,,,,,,,,,,,,,,,,
Timesitheo,caes0007-3,Timesitheus,PROPN,w-Timesitheo,,,,y,m,other,Timesthius,,,,,,,,,,,,,,,,,,,,,,,,,,,
Titiae,caes0161-1,Titiae,PROPN,w-Titiae,,,,y,m,other,Titus,,,,,,,,,,,,,,,,,,,,,,,,,,,
Titiano,caes0018-3,Titianus,PROPN,w-Titiano,,,,y,m,other,Titianus,,,,,,,,,,,,,,,,,,,,,,,,,,,
Tito,"unkn0130-71, caes0002-1, achz0001-18, jeru0497-3",Titus,PROPN,w-Tito,,,,y,m,other,Titus,,,,,,,,,,,,,,,,,,,,,,,,,,,
Titus,"jeru0494-6, jeru0491-6",Titus,PROPN,w-Titus,,,,y,m,other,Titus,,,,,,,,,,,,,,,,,,,,,,,,,,,
traianae,caes0047-9,traianus,ADJ,w-traianae,,,,y,m,other,Traianus,,,,,,,,,,,,,,,,,,,,,,,,,,,
Traiani,"tsha0002-4, cape0001-4, jeru0554-4",Traianus,PROPN,w-Traiani,,,,y,m,other,Traianus,,,,,,,,,,,,,,,,,,,,,,,,,,,
Traiano,"caes0045-2, caes0047-3, jeru0554-10, tsha0002-10, caes0049-3, caes0053-2",Traianum,PROPN,w-Traiano,,,,y,m,other,Traianus,,,,,,,,,,,,,,,,,,,,,,,,,,,
Traianus,"caes0051-3, caes0052-3, cape0001-10, caes0054-3",Traianus,PROPN,w-Traianus,,,,y,m,other,Traianus,,,,,,,,,,,,,,,,,,,,,,,,,,,
tranquillitati,caes0009-23,tranquillitas,NOUN,w-tranquillitati,,,,,,,,,,,,,,,,,,,,,,,,,,,,,,,,,,
tribunicia,"achz0001-10, caes0027-14, tsha0002-15, caes0107-15, unkn0130-11, unkn0131-15, jeru0554-15",tribunicius,ADJ,w-tribunicia,,,,,,,,,y,"government, military",tribune,y,rank,,,,,,,,,,,,,,,,,,,,,
tribuniciae,ashk0003a-19,tribunicius,ADJ,w-tribuniciae,,,,,,,,,y,"government, military",tribune,y,rank,,,,,,,,,,,,,,,,,,,,,
tudo,caes0062-6,tudo,NOUN,w-tudo,,,,,,,,,,,,,,,,,,,,,,,,,,,,,,,,,,
uxori,caes0161-4,uxor,NOUN,w-uxori,,,,,,,,,,,,,,,,y,wife,,,,,,,,,,,,,,,,,
Valens,nabl0001-21,Ualens,PROPN,w-Valens,,,,y,m,other,Valens,,,,,,,,,,,,,,,,,,,,,,,,,,,
Valentinae,caes0148-1,Ualentina,PROPN,w-Valentinae,,,,y,f,other,Valentia,,,,,,,,,,,,,,,,,,,,,,,,,,,
Valeriano,caes0009-10,Valerianus,PROPN,w-Valeriano,,,,y,m,other,Valerianus,,,,,,,,,,,,,,,,,,,,,,,,,,,
Valerio,"ashk0003b-5, caes0010-1, caes0014-7, caes0017-7, ashk0003b-10, caes0006-4, bshe0006-8",Ualerius,PROPN,w-Valerio,,,,y,m,other,Valerius,,,,,,,,,,,,,,,,,,,,,,,,,,,
Valerius,"bshe0006-15, nabl0001-20, nabl0001-4",Ualerius,PROPN,w-Valerius,,,,y,m,other,Valerius,,,,,,,,,,,,,,,,,,,,,,,,,,,
vere,megi0002-3,uere,ADV,w-vere,,,,,,,,,,,,,,,,,,,,,,,,,,,,,,,,,,
vero,"kara0001-5, caes0106-5, caes0106-14, kara0001-14",uero,ADV,w-vero,,,,y,m,other,Verius,,,,,,,,,,,,,,,,,,,,,,,,,,,
Vespasiani,"unkn0130-4, achz0001-4, jeru0494-8",Uespasianus,PROPN,w-Vespasiani,,,,y,m,other,Vespasianus,,,,,,,,,,,,,,,,,,,,,,,,,,,
Vespasiano,caes0027-3,Uespasianus,PROPN,w-Vespasiano,,,,y,m,other,Vespasianus,,,,,,,,,,,,,,,,,,,,,,,,,,,
Vespasianus,"jeru0491-8, jeru0491-3, jeru0494-3",Uespasianus,PROPN,w-Vespasianus,,,,y,m,other,Vespasianus,,,,,,,,,,,,,,,,,,,,,,,,,,,
veterana,unkn0130-40,ueteranus,ADJ,w-veterana,,,,,,,,,,,,y,veteran,,,,,,,,,,,,,,,,,,,,,
vexillatio,"caes0049-6, caes0046-1, caes0048-1, caes0045-5, caes0053-5, caes0047-6, gado0001-1",vexillatio,NOUN,w-vexillatio,,,,,,,,,,,,y,vexillation,,,,,,,,,,,,,,,,,,,,,
vexillationem,"caes0051-8, caes0052-8, caes0054-7",vexillatio,NOUN,w-vexillationem,,,,,,,,,,,,y,vexillation,,,,,,,,,,,,,,,,,,,,,
viae,caes0035-9,uia,NOUN,w-viae,,,,,,,,,,,,,,,,,,,,,,,,,,,,y,travel,,,,,
vias,"ashk0003a-21, unkn0131-25",uia,NOUN,w-vias,,,,,,,,,,,,,,,,,,,,,,,,,,,,y,travel,,,,,
vicena,unkn0130-77,uicenus,ADJ,w-vicena,,,,,,,,,,,,,,,,,,,,,,,,,,,,,,,,,,
victorinus,caes0020-10,victorinus,NOUN,w-victorinus,,,,y,m,other,Victorinus,,,,,,,,,,,,,,,,,,,,,,,,,,,
victoriosissimoque,caes0009-4,victoriosissimum,NOUN,w-victoriosissimoque,,,,,,,,,,,,,,,,,,,,,,,,,,,,,,,,,,
vir,"caes0017-16, caes0009-18, caes0014-16, caes0006-11",uir,NOUN,w-vir,,,,,,,,,,,,,,,,,,,,,,,,,,,,,,,,,,
viro,"caes0037-3, caes0010-3, caes0011-3",uir,NOUN,w-viro,,,,,,,,,,,,,,,,,,,,,,,,,,,,,,,,,,
vixit,nabl0001-16,uigesco,VERB,w-vixit,,,,,,,,,,,,,,,,,,,,,,,,,,,,,,,,,,
vixit,"emma0001-12, nabl0002-7",uiuo,VERB,w-vixit,,,,,,,,,,,,,,,,,,,,,,,,,,,,,,y,offering,,,
vota,maay0001-33,uotum,NOUN,w-vota,,,,,,,,,,,,,,,,,,,,,,,,,,,,,,y,offering,,,
votum,haif0020a-2,votus,ADJ,w-votum,,,,,,,,,,,,,,,,,,,,,,,,,,,,,,,,,,
